text,label
"Villeneuve's use of silence in Dune Part Two is deliberate — the sandworm riding sequence has almost no score, forcing you to sit with Paul's moral collapse rather than letting Hans Zimmer paper over it. Compare that to Part One where music underscores every emotional beat. The restraint is a formal choice that mirrors Paul's loss of interiority.",analysis
"The reason Parasite's final act lands so hard is its strict tonal architecture. Bong Joon-ho spends 90 minutes establishing the Parks as oblivious but not malicious, so when Mr. Park recoils from Ki-taek's smell it registers as genuine contempt rather than cartoon villainy. The violence that follows feels both shocking and inevitable.",analysis
"Hereditary works as horror because Ari Aster frames the supernatural intrusion through the grammar of grief. Every disturbing image — the clicking, the decapitations — is formally rhymed with Annie's mourning process. The cult isn't replacing the family's dysfunction; it's completing it.",analysis
"What makes The Shining so lasting isn't the horror set-pieces but Kubrick's deliberate mismatches between what characters say and what the camera shows. Wendy is told she's hysterical; the camera repeatedly confirms her perceptions are accurate. The film is about a man gaslighting his family into doubting their own fear.",analysis
"The editing in Mad Max: Fury Road is worth studying frame by frame. Miller uses what he calls 'the centre framing technique' — keeping the primary action in the middle third of the screen so your eye never has to search. In a two-hour chase film it means you never lose spatial orientation. That's genuinely hard to do.",analysis
"Alfonso Cuarón's long takes in Children of Men aren't just technical showpieces. Each uncut sequence forces the audience into the character's present tense — there's no editorial escape from what's happening. The Bexhill battle is unbearable precisely because it cannot cut away.",analysis
"The color work in Moonlight is doing real narrative labor. Barry Jenkins and cinematographer James Laxton use cool blues in the childhood sequences to signal externally imposed isolation, then shift to warmer amber in the Miami sections once Chiron has internalized that isolation as identity. The palette charts his psychic state, not just his environment.",analysis
"Paul Thomas Anderson builds Phantom Thread around a central formal tension: Daniel Day-Lewis's performance is all precise, controlled surface, while the camera keeps searching for interiority underneath it. The film is about the gap between craft and feeling. The poisoning plot works because it's the only moment where Reynolds loses control of his own facade.",analysis
"Tár's greatest formal achievement is that it refuses to tell you what to think. Cate Blanchett's performance gives you access to Tár's perspective so completely that her rationalizations feel internally coherent — until a throwaway reaction shot reframes everything. Cate Blanchett didn't play a conductor; she played the way powerful people narrate themselves.",analysis
"The Lighthouse is shot in 1.19:1 aspect ratio — almost square — and it's not an aesthetic choice; it's a trap. Pattinson and Dafoe can never escape each other's frame. The format makes claustrophobia literal before a single line of dialogue.",analysis
"Roger Deakins's cinematography in Blade Runner 2049 systematically reverses the visual grammar of the original. Where Scott's Los Angeles was crowded, humid, bottom-lit — Villeneuve's is empty, cold, top-lit. The emptiness isn't just aesthetic; it's the argument. This future doesn't collapse under its own density; it evacuates.",analysis
"Eternal Sunshine of the Spotless Mind is structured to fail its own premise. The memory-erasure narrative depends on the audience experiencing Joel's loss — but Gondry withholds a direct presentation of Clementine until she's already being deleted. We mourn her absence before we fully experience her presence, which is exactly the film's point about love and forgetting.",analysis
"The power of No Country for Old Men is that Chigurh never has a villain's monologue. Every character who tries to reason with him — the gas station owner, the hotel manager, Carla Jean — is using the grammar of a film that would reward that reasoning. The Coens deny them that genre comfort.",analysis
"Requiem for a Dream uses split-screen not for visual spectacle but for formal irony: the characters share the screen but never share their subjective experiences. Sara and Harry are simultaneously present and completely isolated from each other. The editing replicates the solipsism of addiction.",analysis
"The Wolf of Wall Street is three hours long because excess requires duration. Scorsese is making you sit inside the repetition — the parties, the money, the collapse and recovery. It's not endorsing Jordan Belfort; it's making you complicit in the seduction of watching him, which is its own critique.",analysis
"Ari Aster's grief trilogy — Hereditary, Midsommar, Beau Is Afraid — follows a consistent formal strategy: the supernatural apparatus is real, but it only makes explicit what the family dynamics have already established. The horror is never imported from outside; it grows from the family system itself.",analysis
"The final scene of The Sopranos works because of what the grammar of television has trained you to expect. Chase spent eight years establishing shot-reverse-shot as the visual vocabulary of the show. Cutting to black mid-shot breaks that contract so violently that the audience's first assumption is that their cable went out. The confusion is the point.",analysis
"Sofia Coppola in Lost in Translation is working from a specific formal discipline: she refuses to explain the bond between Bob and Charlotte. Every scene between them is underwritten — they talk around what they feel rather than articulating it. That restraint is what makes the ending hurt. The film trusts negative space.",analysis
"The narrative structure of Memento is not a gimmick. Nolan is using form to force empathy: you experience Leonard's epistemic condition, not just observe it. Because you're as disoriented as he is, you make the same mistakes and trust the same unreliable evidence. When the trick is revealed you've been as culpable as he has.",analysis
"There Will Be Blood is two parallel films about the same man at different ages. The first third is almost wordless — Daniel Plainview accumulates through physical labor. The second two-thirds is about what language does to a man who learned the world through brute acquisition. Eli Sunday is the mirror that reveals what Daniel became when words became tools.",analysis
"Drive's violence is effective because it's withheld. Refn builds 80 minutes of near-silence and controlled restraint, then delivers the elevator scene with full sound design at full velocity. The contrast isn't gratuitous — it's the entire emotional argument of the film. The Driver can't maintain the mask indefinitely.",analysis
"The cinematography in Roma is doing something specific with depth of field: Cuarón keeps the background in sharp focus even during intimate foreground conversations. The social world that constrains Cleo is always present, never blurred out. The visual grammar refuses to separate her inner life from her class position.",analysis
"Synecdoche, New York is a film about the impossibility of representing experience. Kaufman builds a nested-diegesis structure — Caden directing a play of his life that contains actors playing actors playing his life — to show that any artistic representation of lived experience is already a falsification. The film eats itself.",analysis
"The tonal shift in Get Out is architecturally precise. For the first 40 minutes Peele films it as a social-anxiety comedy of manners. The horror elements are present but coded as microaggressions Chris could be misreading. The shift happens the moment Missy stirs her tea — Peele changes the film's register with a single sound.",analysis
"Cate Blanchett's performance in Notes on a Scandal is almost entirely physical — the way she holds her posture when Sheba enters a room tells you everything about Barbara's obsession before a word is spoken. It's a character study in how desire calcifies into control.",analysis
"The Godfather is overrated and I'm tired of pretending otherwise. It's just a long soap opera with good cinematography.",hot_take
"Christopher Nolan has never once written a believable female character and his films get a pass because the visuals are impressive.",hot_take
"Quentin Tarantino peaked with Pulp Fiction and everything since has been a director who thinks he's a genius doing cover versions of himself.",hot_take
"Martin Scorsese's recent complaints about Marvel are just an old director who can't adapt. Cinema has always had popular entertainments — he's just nostalgic.",hot_take
"Interstellar is pretentious nonsense dressed up in IMAX and Hans Zimmer. The science doesn't work and neither does the script.",hot_take
"Every A24 film is just the same aesthetic — slow burns, grief, metaphorical dread — and critics fall for it every single time because it looks serious.",hot_take
"Denis Villeneuve is the most overrated director working today. He makes technically impressive films that are emotionally empty.",hot_take
"The Dark Knight is not a masterpiece. It's a very good superhero film with one great performance from Heath Ledger and people have been confusing those two things for 15 years.",hot_take
"Steven Spielberg has made exactly three great films and spent the rest of his career coasting on sentiment.",hot_take
"Roma is just Alfonso Cuarón showing off in black and white and calling it art. It's not a film — it's a reel.",hot_take
"Awards season is completely broken. The same distributors buy the same campaigns and the Academy nominates the same five people. Stop pretending it means anything.",hot_take
"Horror as a genre hasn't produced a genuinely original concept in a decade. Everything is elevated horror now, which just means slow horror with pretentious intentions.",hot_take
"The problem with modern blockbusters isn't the CGI — it's that studios have stopped hiring directors with a genuine visual sensibility. Everything looks the same because everything is planned by committee.",hot_take
"Barbie was a perfectly fine film that got elevated into a cultural statement because critics wanted it to be one. It's competent studio entertainment, nothing more.",hot_take
"Paul Thomas Anderson makes films exclusively for people who want to feel smart about watching films. There's no there there.",hot_take
"Wes Anderson's style is an affectation he perfected twenty years ago and he's been making the same film ever since. The Grand Budapest Hotel is the last one that earned its quirks.",hot_take
"The superhero genre has not produced a single film worth serious critical attention since The Dark Knight. Everything else is product.",hot_take
"Midsommar is an overlong music video. The horror elements are surface-level and the breakup metaphor is so on-the-nose it undoes itself.",hot_take
"The Revenant is pure Oscar-bait survival porn. DiCaprio crawling through snow for two and a half hours is not a character study.",hot_take
"Inception is a film for people who think they're watching something complex because the characters explain the rules loudly at every turn.",hot_take
"The best films of the last decade have all been foreign language. American cinema is creatively bankrupt.",hot_take
"Ti West is the most overrated horror director of his generation. The House of the Devil takes ninety minutes to deliver twenty minutes of film.",hot_take
"Everything Everywhere All at Once is an anxiety attack masquerading as a film and critics gave it a pass because the directors are Asian-American.",hot_take
"Robert Eggers makes technically accomplished films that are exhausting to watch. The Northman is a three-hour act of punishing the audience for wanting plot.",hot_take
"Oppenheimer is three hours of Christopher Nolan reminding you how important the stakes are. There's no actual interiority in any of these characters.",hot_take
"Just walked out of Oppenheimer. I genuinely cannot process what I just watched. Give me a few days.",reaction
"Watched Midsommar alone at midnight and I need someone to talk to. What the HELL was that ending.",reaction
"I cannot stop crying. Everything Everywhere All at Once destroyed me in the best way. I've never felt so seen by a movie.",reaction
"First time watching The Godfather. I finally understand. I finally understand everything.",reaction
"Parasite just wrecked me. The last twenty minutes — I couldn't breathe. Incredible.",reaction
"Just finished Hereditary and I'm going to be thinking about that movie for a week. Absolutely devastating.",reaction
"I went into Dune Part Two knowing nothing and came out a different person. That movie is an experience.",reaction
"Rewatched Eternal Sunshine for the first time in years and it hit completely differently now that I'm older. I don't know what to do with that.",reaction
"The ending of The Lighthouse broke me in a way I can't explain. I just sat there as the credits rolled.",reaction
"Just saw Past Lives in the theater and the couple next to me was crying as hard as I was. Beautiful film.",reaction
"I didn't expect Whiplash to affect me like that. I'm a former musician and it was too real. Too real.",reaction
"Schindler's List is the first film that made me feel genuinely ill. I mean that as the highest possible compliment.",reaction
"I've watched the opening sequence of Up three times this week and I still can't get through it without losing it.",reaction
"Aftersun absolutely gutted me. I don't have words yet. Just — wow.",reaction
"That last shot of Marriage Story. I had to leave the room.",reaction
"Manchester by the Sea broke my heart so cleanly and completely that I'm still not sure it put it back.",reaction
"I screamed out loud in the theater at the twist in Hereditary. First time I've ever done that.",reaction
"Tár made me deeply uncomfortable and I can't stop thinking about it. Not sure if I liked it or not. Not sure that's the point.",reaction
"Just saw Saltburn for the first time. The final scene is genuinely one of the most unhinged things I've ever witnessed on screen.",reaction
"Watched Grave of the Fireflies for the first time. Why did no one warn me. Why.",reaction
"Suspiria (2018) put me in a fugue state. I walked to my car in silence. Called my mom.",reaction
"Saw Asteroid City in the theater and felt simultaneously delighted and completely lost. Wes Anderson just — does things to my brain.",reaction
"The Brutalist is almost four hours long and I didn't want it to end. Something is wrong with me.",reaction
"Watched The Zone of Interest and couldn't speak for an hour afterward. The most harrowing film I've seen in years.",reaction
"Civil War left me shaking in my seat. Not what I expected at all. Absolutely relentless.",reaction
"First time watching 2001: A Space Odyssey. I am twenty-two years old and this film was made before my parents were born and I have never seen anything like it.",reaction
"Saw Mulholland Drive on a big screen for the first time. Lynch broke my brain. I mean that literally.",reaction
"I put on Poor Things expecting a quirky art film and got something that completely rewired how I think about freedom and desire. Emma Stone was unreal.",reaction
"Watched Requiem for a Dream for the first time last night. Haven't eaten breakfast yet. That film physically affected me.",reaction
"Saw The Substance this weekend. The third act is completely unhinged and I loved every awful second of it.",reaction
"Showing my mom Spirited Away for the first time. Watching someone discover that film as an adult is a gift.",reaction
"First watch of In the Mood for Love. I now understand why people treat Wong Kar-wai as a religion.",reaction
"Watched the Barbie movie again with my sister and cried at a completely different part than the first time. Strange film.",reaction
"The Shining is the most rewatchable horror film ever made and I'm not done making my case. Every viewing you catch something different — Kubrick hid so much in the staging that you literally cannot absorb it in one watch.",analysis
"Coppola's decision to never show Michael enjoying violence in The Godfather is what makes his transformation so devastating. We only see his face shut down. The pleasure, if there is any, is kept entirely offscreen.",analysis
"The color grading in Hereditary shifts almost imperceptibly across the film — starting in warm domestic amber and ending in cold, clinical blue-white. Aster was tracking the family's emotional temperature, not just the time of day.",analysis
"What makes Whiplash's final performance scene work structurally is that Fletcher has lost control of the situation and both he and Andrew know it. The film inverts their power dynamic but refuses to frame it as triumph — Andrew's face at the end is unreadable.",analysis
"Parasite's basement reveal is the formal midpoint of the film, not just a plot twist. Everything before it is the Kim family's plan succeeding; everything after is what happens when a second family has been running an equivalent plan the entire time.",analysis
"The MCU's core problem is that every film is required to service the franchise rather than itself. Any character moment that could produce genuine change — loss, failure, growth — is undone in the next installment because the IP needs to remain stable. It's not about bad directors; it's a structural constraint.",hot_take
"Margot Robbie is the most criminally underused actress of her generation. She consistently saves every film she's in and never gets credit for it.",hot_take
"Adam Driver is doing the same performance in everything and everyone is too impressed by his physicality to notice.",hot_take
"Black Swan is Darren Aronofsky making a film about himself as an artist and dressing it up as a film about a ballerina.",hot_take
"The Favourite is exactly what happens when a technically excellent director has no genuine interest in the people in her own film.",hot_take
"The Lighthouse is Eggers doing Bergman karaoke. Technically impressive, completely derivative.",hot_take
"Timothée Chalamet is a mannequin who learned to cry on cue. I said what I said.",hot_take
"3 Body Problem is the first Netflix adaptation that actually took the source material seriously and I'll die on that hill.",hot_take
"Citizen Kane is a film school exercise, not a masterpiece. Every choice in it is about demonstrating technique, not about the story.",hot_take
"Richard Linklater's Boyhood is twelve years of watching a film age in real time and nothing else. It mistakes duration for depth.",hot_take
"Scorsese's Killers of the Flower Moon is important history badly served by a three-and-a-half hour runtime. He needed an editor with the authority to say no.",hot_take
"I will not apologize for thinking The Menu is one of the best films of the last five years. Perfectly constructed satire.",hot_take
"The best horror director working today is not a name you'd guess — it's Osgood Perkins. Longlegs is genuinely the most unsettling film I've seen since Hereditary.",hot_take
"Just watched Drive for the first time. Ryan Gosling barely speaks for two hours and somehow I've never been more emotionally invested in a character.",reaction
"Finally watched Portrait of a Lady on Fire last night. The painting scene destroyed me. How is this real.",reaction
"Watched The Holdovers for the first time. Paul Giamatti was robbed at the Oscars. I'm still furious about it.",reaction
"First time watching Mulholland Drive without any context. I have no idea what I watched. I am going to watch it again immediately.",reaction
"Finally got around to Moonlight. I don't have adequate words. Just a film that exists on a different emotional register from most things.",reaction
"Watched Conclave last night. The ending genuinely shocked me. I had to rewind it twice to make sure I'd seen what I thought I'd seen.",reaction
"Saw A Real Pain in a packed house and the audience was completely silent at the end. Not restless-silent — reverent-silent.",reaction
"Watched Kinds of Kindness and I think Yorgos Lanthimos is either a genius or completely broken and I cannot tell which.",reaction
"Just finished watching all of Twin Peaks: The Return. I need a week and several therapy sessions.",reaction
"Saw Nosferatu (2024) on Christmas Eve as intended. Robert Eggers has permanently altered my brain chemistry.",reaction
"First time watching Synecdoche, New York. I've been staring at the wall for forty minutes.",reaction
"Finally watched Blue is the Warmest Color. The relationship felt the most real I've seen depicted on film. Completely overwhelmed.",reaction
"The Grand Budapest Hotel made me genuinely happy for two hours and I didn't realize how much I needed that until the credits rolled.",reaction
"Watched I Saw the TV Glow and felt like it was made specifically for me in a way I can't fully explain. Deeply strange and deeply moving.",reaction
"Just got out of Dune Part Two with my whole family. My dad, who has never voluntarily watched a sci-fi film in his life, said 'that was actually incredible.' I teared up a little.",reaction
"The Holdovers is just a comfort film dressed up with good cinematography and prestige pedigree. It's a very pleasant film that doesn't deserve the serious critical attention it got.",hot_take
"Florence Pugh is the best actress of her generation and it's not close. No one else is doing what she does.",hot_take
"Cillian Murphy has been the best actor in every room he's been in for fifteen years and the industry just noticed because of Oppenheimer.",hot_take
"The horror of Hereditary is specifically a horror about motherhood and the ways trauma is transmitted generationally — which is why Annie's grief over her own mother is the structural core, not the grief over Charlie.",analysis
"Kelly Reichardt's films are not slow — they're dense. Every image in Certain Women or Wendy and Lucy is load-bearing. The stillness is doing work that a conventionally paced film would accomplish with dialogue.",analysis
"The formal achievement of The Conversation is that Hackman's misinterpretation of the tape isn't presented as an error — the film withholds the correct reading until the very end, so the audience makes exactly the same mistake he does. Coppola made a thriller about the failure of surveillance by making the audience rely on the same flawed surveillance.",analysis
"Jonathan Glazer's The Zone of Interest is the most formally radical Holocaust film ever made precisely because it refuses the grammar of atrocity. There are no victims in frame. The horror is entirely constructed through sound design — the sounds that come from offscreen, which the characters have learned to ignore.",analysis
"The ending of Chinatown is devastating because it denies the audience the catharsis the noir genre has trained them to expect. Gittes does everything right and the system still wins. Polanski is arguing that the genre's optimism is always already a lie.",analysis
"Boyhood's formal conceit — filming the same actors over twelve years — is inseparable from its emotional content. The film is about the unnarrated, unremarkable passage of time; it could not make that argument with a conventional shooting schedule.",analysis
"Neon Genesis Evangelion is the only work of animation that treats mental illness as a formal principle rather than a plot device. The show's structural collapse in the final episodes isn't a failure of production — it's the show becoming its protagonist.",analysis
"The reason A24's marketing works is that they understood before anyone else that prestige horror audiences would pay a premium for films that treated them as intelligent. The brand is essentially a quality guarantee that has created a self-fulfilling prophecy.",hot_take
"James Cameron is the only working director whose ambition reliably exceeds his reach and somehow still produces great cinema. Avatar 2 should not have worked and it almost did.",hot_take
"Cate Blanchett can do anything, and the industry has responded by making sure she plays the same type of ice-queen intellectual over and over. Waste.",hot_take
"The American film industry will never make a film as formally bold as anything in the French New Wave catalog. The market has trained audiences out of tolerating formal risk.",hot_take
"The Oscars Best Picture race is essentially a competition between which distributor has the better publicist. It has nothing to do with film quality.",hot_take
"Rewatched Annihilation on the big screen at a retrospective. The third act broke my brain again, even knowing what was coming.",reaction
"Saw The Power of the Dog when it came out. Walked out of the theater, sat in my car, and called my father. I'm still not sure why.",reaction
"Watched Fleabag for the first time this week. The fourth-wall moment near the end of season two is one of the best things I've ever seen in any screen medium.",reaction
"Just finished Severance season two. I've never had my expectations so completely and satisfyingly upended by a finale. Absolutely stunned.",reaction
"My daughter watched Studio Ghibli films for the first time this weekend. Watching her fall in love with Totoro was better than any film I've seen this year.",reaction
"Saw A Complete Unknown last night. Timothée Chalamet disappeared into Dylan so completely that I forgot I was watching an actor about forty minutes in.",reaction
"Finally watched Woman of the Hour. I don't know why it took me this long. Anna Kendrick made something genuinely haunting.",reaction
"Watched Nickel Boys and the formal shift in the final act knocked the breath out of me. One of the best endings of the decade.",reaction
"The formal innovation of Funny Games — Haneke breaking the fourth wall and literally rewinding the film — is the most hostile thing a director has done to a mainstream audience since Psycho killed its protagonist in the first act.",analysis
"Barry Jenkins's camera does something specific with close-ups that most directors don't: he holds the shot past the point of conventional comfort, forcing you to stay with the character's expression until the emotion being suppressed becomes visible. It's not a stylistic tic; it's an ethical position about whose interiority deserves space.",analysis
"Yorgos Lanthimos's films consistently work through the same formal strategy: he establishes a hermetically sealed world with its own internal logic, then applies that logic past the point of human recognizability to expose the arbitrary nature of social convention.",analysis
"The structure of Arrival is built around a dramatic irony that requires a second viewing to fully appreciate. Louise's knowledge of the future determines every choice she makes in the present — but the film withholds this until the end, so first-time viewers misread her certainty as intuition rather than foreknowledge.",analysis
"Ari Aster's decision to shoot Hereditary almost exclusively in wide shots during the first act is doing specific work: it emphasizes the house as an organism that contains the family rather than a neutral setting they inhabit. The horror hasn't started yet, but the visual grammar is already treating the domestic space as a trap.",analysis
"What makes Portrait of a Lady on Fire so formally radical is that it refuses the male gaze by literalizing it as a subject of the film. The painter-model dynamic is about the ethics of looking — Céline Sciamma is arguing about her own directorial practice through the film's central relationship.",analysis
"The greatest cinematographer working today is Hoyte van Hoytema and the Oppenheimer discussion mostly missed what he was doing with IMAX texture to physicalize memory and imagination.",hot_take
"Andrei Tarkovsky made six masterpieces and cinema has not produced anyone comparable since. That's not nostalgia; it's an accurate assessment of what the form is capable of and how rarely it achieves it.",hot_take
"True Detective season one is the best single season of American television ever produced and no one has gotten close since.",hot_take
"Kelly Reichardt is the most important American filmmaker of the last twenty years and the fact that her name doesn't come up in mainstream conversations about great directors is an indictment of film culture.",hot_take
"The Substance is the best body horror film since The Fly and if you disagree you didn't see it on the big screen.",hot_take
"Watched Perfect Days for the first time last night. Wim Wenders made a film about finding dignity in routine and I haven't been this quietly moved in years.",reaction
"Finally saw The Brutalist in a proper theater. Brady Corbet made something genuinely enormous. I don't have adequate words yet.",reaction
"Watched Conclave with my mother, who is a former Catholic. The conversation we had afterward was one of the best I've ever had with her.",reaction
"Saw All We Imagine as Light at a festival screening. Payal Kapadia is extraordinary. I couldn't stop thinking about it for days.",reaction
"Finally watched the Before trilogy back-to-back. Before Sunset is the best sequel ever made. I won't hear otherwise.",reaction
"Watched Flow (2024) and spent ninety minutes completely absorbed in a world where humans don't exist. The cat is just extraordinary.",reaction
"September 5 completely floored me. I wasn't prepared for how it recontextualized everything I thought I knew about that event.",reaction
"I've watched the last twenty minutes of Aftersun approximately seven times in the past month. Each time I find something new to mourn.",reaction
"Literally shaking after watching The Substance. The third act goes further than I thought any studio-adjacent film would go.",reaction
"The formal logic of Rashomon — four contradictory accounts of the same event where none is definitively correct — is the most honest thing cinema has done about the nature of testimony. Kurosawa understood that narrative itself is always already a form of advocacy.",analysis
"Sofia Coppola uses Marie Antoinette as a formal experiment in anachronism — the punk music, the Converse sneakers — to make a historical figure legible to a modern audience without falsifying her interiority. The anachronisms aren't mistakes; they're the method.",analysis
"The sound design in Dune Part Two is its most underappreciated formal achievement. Villeneuve and his team built a completely original sonic vocabulary for the Fremen — instruments that don't exist played in ways that conventional instrumentation can't replicate. The world sounds alien because it was acoustically engineered to.",analysis
"The Wire's episodic structure — dedicating entire episodes to institutional spaces like the school, the docks, the newspaper — is formally arguing that crime cannot be understood outside its social context. Each institution is a character with its own logic, failure modes, and relationship to the drug economy.",analysis
"Terrence Malick's films after The New World operate on an associative rather than narrative logic — images accumulate feeling rather than information. This is either the purest form of cinema as a sensory medium or an elaborate justification for not having a script, depending on your tolerance.",analysis
"The genius of Knives Out is that it gives away the solution in the first act and spends the remaining ninety minutes investigating how the crime was possible in a world where everyone is lying about something unrelated to the actual crime.",analysis
"Bong Joon-ho is the only working director who can make a political film that's also genuinely funny and genuinely scary without any of those registers canceling the others out. Parasite, Snowpiercer, Mother — each film performs a different genre from the inside.",analysis
"The performance at the center of All About Eve — Bette Davis playing a star in controlled decline — is the best performance in the history of American cinema. It's doing ten things simultaneously and none of them show.",analysis
"Steven Soderbergh making Traffic as three intercut films with different color grading for each story isn't just a visual shorthand — it's an argument that the drug war isn't one phenomenon but three separate problems with separate causes that policy treats as if they were the same.",analysis
"The structural irony of American Beauty is that it's a film about the spiritual vacancy of suburban conformity that is itself a perfect instance of Oscar-bait convention. It's so precisely calibrated to feel profound that it ends up being an example of the exact thing it's criticizing.",analysis
"Saw The Zone of Interest at a small repertory cinema last month. The audience sat completely still during the credits. No one moved. One of the most powerful collective viewing experiences I've ever had.",reaction
"Watched Pather Panchali for the first time and couldn't believe something made in 1955 on almost no budget could be this emotionally devastating. Satyajit Ray is genuinely on another level.",reaction
"First watch of Jeanne Dielman, 23 Commerce Quay, 1080 Brussels. Three hours and twenty-one minutes. I need to lie down.",reaction
"Watched Yi Yi (A One and a Two) and cried at something I can't even fully articulate. Edward Yang made something about the impossibility of knowing each other that completely broke me.",reaction
"Finally saw Wild Strawberries. Bergman made a film about regret that doesn't wallow. I've been thinking about the dream sequence all day.",reaction
"The more I think about the narrative architecture of 12 Years a Slave the more I think Steve McQueen made an almost unbearable formal choice: he refuses to let you look away from duration. The whipping scene is not edited for emotional impact — it runs in real time until it's over. That's not brutality for its own sake; it's a position on how atrocity should be represented.",analysis
"Věra Chytilová's Daisies is almost sixty years old and it's still formally radical. The film refuses to explain itself, refuses to generate sympathy through conventional characterization, and destroys its own visual coherence as an act of feminist critique. It's one of the most genuinely political films ever made.",analysis
"The function of the train sequences in Snowpiercer isn't just spatial — each car represents a class ideology, and Curtis's journey through them is literally a political education. Bong Joon-ho stages economic theory as physical space.",analysis
"The camera in Portrait of a Lady on Fire does something very specific during the scenes where Marianne is drawing Héloïse: it alternates between Marianne's point of view and a position that is neither character's — a third perspective that is the film itself watching both of them. Sciamma makes her own gaze visible.",analysis
"The reason Free Solo is devastating rather than triumphant is that Chin and Vasarhelyi follow Honnold's personal life with the same formal rigidity they apply to the climb. The film makes you realize that the same capacity that makes the climb possible is exactly what makes intimacy difficult for him.",analysis
"Just watched Challengers and Guadagnino made a film about three people who can only express desire through competition and I haven't been able to think about anything else for a week.",reaction
"First watch of The Piano. Jane Campion was making films in 1993 that most directors still can't make now. Absolutely extraordinary.",reaction
"Watched All Quiet on the Western Front (2022) last night. The final twenty minutes are the most brutal and purposeful antiwar filmmaking I've seen.",reaction
"Finally saw Memoria. Apichatpong Weerasethakul makes films that require you to surrender to them entirely. I watched it twice in a row.",reaction
"Watched Anatomy of a Fall and was completely gripped for two and a half hours. Sandra Hüller is a phenomenon.",reaction
"Saw A Separation for the first time. Farhadi built a moral puzzle box with no correct solution. I spent the whole third act realizing there was no way out.",reaction
"Watched Daughters (2024) on Netflix and cried for an hour. One of the most moving documentaries I've ever seen.",reaction
"Just finished watching the Shogun series. Hiroyuki Sanada has been delivering at this level for thirty years and American television just noticed.",reaction
"The reason Citizen Kane's formal innovations don't feel dated is that Welles was solving specific narrative problems rather than experimenting for its own sake. The deep focus cinematography is in service of showing multiple planes of emotional truth simultaneously — you can read the characters' faces and their domestic environment at the same time.",analysis
"The ending of Pan's Labyrinth is deliberately ambiguous but the film's visual design tilts toward the fantasy being real: the final image of the underground kingdom is filmed with the same camera objectivity as the film's 'real' sequences. Del Toro doesn't resolve the question but he tips the scales.",analysis
"Oldboy's structure is a formal trap. Park Chan-wook gives you all the information you need to figure out the twist before it happens — the clues are there if you know what to look for — but the film's pace and the brutality of the action sequences make the genre associations so strong that most viewers don't look. It's a mystery that relies on its own genre conventions to hide the solution.",analysis
"The formal radicalism of Hereditary's grief is that Aster never lets the family be simply sympathetic. The dinner scene — Annie's outburst at Peter — is filmed as a horror scene not because of what Annie says but because of the way the camera refuses to protect Peter from it. This is a family that uses grief as a weapon.",analysis
"Barry Keoghan is the best actor of his generation and it's not a debate anymore. Saltburn, The Killing of a Sacred Deer, Eternals — even in the bad one he was doing something no one else could do.",hot_take
"The post-credits scene in the MCU was the worst thing to happen to mainstream cinema in the last fifteen years. It taught audiences to expect stories that never end.",hot_take
"Alejandro González Iñárritu has not made a good film since Amores Perros and Birdman was critics congratulating themselves for getting the references.",hot_take
"Studio Ghibli's catalog is the single greatest body of work in the history of animation and arguing about whether Miyazaki or Takahata is better is missing the point of having both.",hot_take
"Terrence Malick's post-Tree of Life work is a director on autopilot who knows that enough beautiful cinematography will always find a critical audience willing to project meaning onto it.",hot_take
"Saw The Brutalist at a preview screening and sat next to someone who cried through the entire second half. I understand. I understand completely.",reaction
"My first time watching Kes. Ken Loach made a film about poverty and childhood that feels more honest than anything made in the fifty years since. Completely devastating.",reaction
"Watched Tangerine on my phone exactly as it was shot and it felt correct somehow. Sean Baker made something alive.",reaction
"Just finished Portrait of a Lady on Fire for the third time. The scene at the bonfire still stops my heart.",reaction
"Watched Ikiru for the first time. Kurosawa made a film about dying that is the most life-affirming thing I have ever seen. I don't know how that's possible.",reaction
